{"cameraMode":{"drawMode":0,"name":"Shaded","section":"Shading Mode"},"sceneLighting":true,"audioPlay":false,"sceneViewState":{"showFog":false,"showMaterialUpdate":false,"showSkybox":false,"showFlares":false,"showImageEffects":false,"showParticleSystems":false},"in2DMode":false,"pivot":{"x":-74.7508316040039,"y":16.528377532958986,"z":60.164451599121097},"rotation":{"x":-0.41158002614974978,"y":-0.39002856612205508,"z":0.20060120522975923,"w":-0.7991172075271606},"size":11.060725212097168,"orthographic":false}