{"cameraMode":{"drawMode":0,"name":"Shaded","section":"Shading Mode"},"sceneLighting":false,"audioPlay":false,"sceneViewState":{"showFog":false,"showMaterialUpdate":false,"showSkybox":false,"showFlares":false,"showImageEffects":false,"showParticleSystems":false},"in2DMode":false,"pivot":{"x":-9.307717323303223,"y":18.862558364868165,"z":0.18452508747577668},"rotation":{"x":-0.12749972939491273,"y":0.4351040720939636,"z":-0.06260806322097779,"w":-0.8892961740493774},"size":22.0,"orthographic":false}