{"cameraMode":{"drawMode":0,"name":"Shaded","section":"Shading Mode"},"sceneLighting":false,"audioPlay":false,"sceneViewState":{"showFog":false,"showMaterialUpdate":false,"showSkybox":false,"showFlares":false,"showImageEffects":false,"showParticleSystems":false},"in2DMode":false,"pivot":{"x":0.7189775705337524,"y":0.4703749418258667,"z":-0.6423698663711548},"rotation":{"x":-0.0716753676533699,"y":0.9283123016357422,"z":-0.2539229393005371,"w":-0.26205170154571535},"size":2.8578836917877199,"orthographic":false}