{"cameraMode":{"drawMode":0,"name":"Shaded","section":"Shading Mode"},"sceneLighting":false,"audioPlay":false,"sceneViewState":{"showFog":false,"showMaterialUpdate":false,"showSkybox":false,"showFlares":false,"showImageEffects":false,"showParticleSystems":false},"in2DMode":false,"pivot":{"x":-0.04073202610015869,"y":1.9997812509536744,"z":-0.08795022964477539},"rotation":{"x":-0.3961692154407501,"y":0.5807831883430481,"z":-0.38469576835632326,"w":-0.5981684327125549},"size":6.850826740264893,"orthographic":false}