{"cameraMode":{"drawMode":0,"name":"Shaded","section":"Shading Mode"},"sceneLighting":false,"audioPlay":false,"sceneViewState":{"showFog":false,"showMaterialUpdate":false,"showSkybox":false,"showFlares":false,"showImageEffects":false,"showParticleSystems":false},"in2DMode":false,"pivot":{"x":1.2564659118652344,"y":10.954019546508789,"z":-1.3581757545471192},"rotation":{"x":-0.17854368686676026,"y":0.7367318272590637,"z":-0.2134585976600647,"w":-0.6163104176521301},"size":22.62136459350586,"orthographic":false}