{"cameraMode":{"drawMode":0,"name":"Shaded","section":"Shading Mode"},"sceneLighting":true,"audioPlay":false,"sceneViewState":{"showFog":false,"showMaterialUpdate":false,"showSkybox":false,"showFlares":false,"showImageEffects":false,"showParticleSystems":false},"in2DMode":false,"pivot":{"x":0.9312382936477661,"y":1.3615164756774903,"z":-0.46441054344177248},"rotation":{"x":-0.0012818723917007447,"y":0.9987256526947022,"z":0.0314723439514637,"w":0.04285651072859764},"size":4.036812782287598,"orthographic":false}