{"cameraMode":{"drawMode":0,"name":"Shaded","section":"Shading Mode"},"sceneLighting":false,"audioPlay":false,"sceneViewState":{"showFog":false,"showMaterialUpdate":false,"showSkybox":false,"showFlares":false,"showImageEffects":false,"showParticleSystems":false},"in2DMode":false,"pivot":{"x":1.2067184448242188,"y":4.62617301940918,"z":-2.197497606277466},"rotation":{"x":-0.1894603967666626,"y":0.6814314126968384,"z":-0.18984457850456239,"w":-0.6811380982398987},"size":36.59503936767578,"orthographic":false}